-- phpMyAdmin SQL Dump
-- version 4.8.5
-- https://www.phpmyadmin.net/
--
-- Host: 127.0.0.1
-- Generation Time: Jan 03, 2024 at 05:20 PM
-- Server version: 10.1.38-MariaDB
-- PHP Version: 7.3.2

SET SQL_MODE = "NO_AUTO_VALUE_ON_ZERO";
SET AUTOCOMMIT = 0;
START TRANSACTION;
SET time_zone = "+00:00";


/*!40101 SET @OLD_CHARACTER_SET_CLIENT=@@CHARACTER_SET_CLIENT */;
/*!40101 SET @OLD_CHARACTER_SET_RESULTS=@@CHARACTER_SET_RESULTS */;
/*!40101 SET @OLD_COLLATION_CONNECTION=@@COLLATION_CONNECTION */;
/*!40101 SET NAMES utf8mb4 */;

--
-- Database: `sppuas`
--

-- --------------------------------------------------------

--
-- Table structure for table `admin`
--

CREATE TABLE `admin` (
  `idadmin` int(5) NOT NULL,
  `username` varchar(20) DEFAULT NULL,
  `password` varchar(200) DEFAULT NULL,
  `namalengkap` varchar(40) DEFAULT NULL
) ENGINE=InnoDB DEFAULT CHARSET=latin1;

--
-- Dumping data for table `admin`
--

INSERT INTO `admin` (`idadmin`, `username`, `password`, `namalengkap`) VALUES
(1, 'admin', 'd033e22ae348aeb5660fc2140aec35850c4da997', 'erick irwansyah '),
(3, 'operator', '40bd001563085fc35165329ea1ff5c5ecbdbbeef', 'meyki ardiansyah'),
(4, 'operator', '40bd001563085fc35165329ea1ff5c5ecbdbbeef', 'Awaludin'),
(5, NULL, '4b583376b2767b923c3e1da60d10de59', NULL);

-- --------------------------------------------------------

--
-- Table structure for table `gender`
--

CREATE TABLE `gender` (
  `id_gender` int(11) NOT NULL,
  `gender_detail` varchar(9) NOT NULL
) ENGINE=InnoDB DEFAULT CHARSET=utf8mb4;

--
-- Dumping data for table `gender`
--

INSERT INTO `gender` (`id_gender`, `gender_detail`) VALUES
(1, 'Laki-Laki'),
(2, 'Perempuan');

-- --------------------------------------------------------

--
-- Table structure for table `guru`
--

CREATE TABLE `guru` (
  `id_guru` int(11) NOT NULL,
  `nama_guru` varchar(50) NOT NULL,
  `alamat` varchar(50) NOT NULL,
  `no_telephone` int(11) NOT NULL,
  `gender_id_gender` int(11) NOT NULL
) ENGINE=InnoDB DEFAULT CHARSET=latin1;

--
-- Dumping data for table `guru`
--

INSERT INTO `guru` (`id_guru`, `nama_guru`, `alamat`, `no_telephone`, `gender_id_gender`) VALUES
(101, 'Dr. Amanda Smith', 'Jl. Merdeka No. 10, Kota Baru', 2147483647, 1),
(102, 'Prof. John Doe', 'Jl. Cendana No. 5, Bandar Raya', 2147483647, 1),
(103, 'Sarah Johnson, M.Pd', 'Jl. Kenanga No. 8, Megapolis', 2147483647, 2),
(104, 'Dian Pratama', 'Jl. Anggrek No. 3, Perkotaan', 2147483647, 2),
(105, 'Budi Susanto, S.Pd', 'Jl. Dahlia No. 12, Metropolitan', 2147483647, 1),
(106, 'Dewi Kusuma', 'Jl. Mawar No. 7, Modern City', 2147483647, 2),
(107, 'Ahmad Yani, M.Pd', 'Jl. Melati No. 9, Megacity', 2147483647, 1),
(108, 'Rini Wijaya', 'Jl. Surya No. 15, Urban District', 2147483647, 2),
(109, 'Eko Santoso, S.Pd', 'Jl. Nusantara No. 20, Metropolis', 2147483647, 1),
(110, 'Ani Cahaya', 'Jl. Seruni No. 25, City Central', 2147483647, 2),
(201, 'Linda Wijaya', 'Jl. Raya No. 15, Kuta Baru', 2147483647, 2),
(202, 'Andi Pratama', 'Jl. Mentari No. 8, Bandar Raya', 2147483647, 1),
(203, 'Dewi Susanto, S.Pd', 'Jl. Nusantara No. 10, Megapolis', 2147483647, 2),
(204, 'Rudi Cahyono', 'Jl. Mawar Indah No. 3, Perkotaan', 2147483647, 1),
(205, 'Siti Rahayu, M.Pd', 'Jl. Dahlia Sejahtera No. 12, Metropolitan', 2147483647, 2),
(206, 'Bambang Santoso', 'Jl. Melati Jaya No. 7, Modern City', 2147483647, 1),
(207, 'Diana Kusuma', 'Jl. Kenanga Makmur No. 9, Megacity', 2147483647, 2),
(208, 'Ahmad Wibowo', 'Jl. Surya Abadi No. 15, Urban District', 2147483647, 1),
(209, 'Eka Prasetya, S.Pd', 'Jl. Nusa Indah No. 20, Metropolis', 2147483647, 1),
(210, 'Anita Susanti', 'Jl. Seruni Makmur No. 25, City Central', 2147483647, 2),
(301, 'Agus Setiawan', 'Jl. Merpati No. 15, Kota Baru', 2147483647, 1),
(302, 'Lina Cahyadi', 'Jl. Anggrek No. 8, Bandar Raya', 2147483647, 2),
(303, 'Rina Wijaya, S.Pd', 'Jl. Teratai No. 10, Megapolis', 2147483647, 2),
(304, 'Budi Santoso', 'Jl. Mawar No. 3, Perkotaan Baru', 2147483647, 1),
(305, 'Dewi Cahaya, M.Pd', 'Jl. Kenanga Jaya No. 12, Metropolitan', 2147483647, 2),
(306, 'Eko Pratama', 'Jl. Melati Indah No. 7, Modern City', 2147483647, 1),
(307, 'Siti Kusuma', 'Jl. Dahlia Makmur No. 9, Megacity', 2147483647, 2),
(308, 'Andi Wibowo, S.Pd', 'Jl. Surya Jaya No. 15, Urban District', 2147483647, 1),
(309, 'Rudi Susanto', 'Jl. Nusa Jaya No. 20, Metropolis', 2147483647, 1),
(310, 'Anita Wijaya', 'Jl. Seruni Indah No. 25, City Central', 2147483647, 2),
(401, 'Hendra Wijaya', 'Jl. Merpati No. 15, Kota Baru', 2147483647, 1),
(402, 'Sari Kusuma', 'Jl. Anggrek No. 8, Bandar Raya', 2147483647, 2),
(403, 'Roni Wijaya, S.Pd', 'Jl. Teratai No. 10, Megapolis', 2147483647, 1),
(404, 'Diana Sri', 'Jl. Mawar No. 3, Perkotaan Baru', 2147483647, 1),
(405, 'Eka Cahaya, M.Pd', 'Jl. Kenanga Jaya No. 12, Metropolitan', 2147483647, 1),
(406, 'Andi Pratama', 'Jl. Melati Indah No. 7, Modern City', 2147483647, 1),
(407, 'Siti Kusuma', 'Jl. Dahlia Makmur No. 9, Megacity', 2147483647, 2),
(408, 'Budi Wibowo, S.Pd', 'Jl. Surya Jaya No. 15, Urban District', 2147483647, 1),
(409, 'Rina Susanti', 'Jl. Nusa Jaya No. 20, Metropolis', 2147483647, 2),
(410, 'Andi Wijaya', 'Jl. Seruni Indah No. 25, City Central', 2147483647, 1),
(501, 'Ivan Setiawan', 'Jl. Anggrek No. 15, Bandar Baru', 2147483647, 1),
(502, 'Siska Wijaya', 'Jl. Teratai No. 8, Kota Raya', 2147483647, 1),
(503, 'Rudi Cahyadi, M.Pd', 'Jl. Melati No. 10, Megabaru', 2147483647, 1),
(504, 'Sri Dewi', 'Jl. Mawar Indah No. 3, Perkotaan Baru', 2147483647, 1),
(505, 'Eko Pratama, S.Pd', 'Jl. Kenanga Jaya No. 12, Metropolitan', 2147483647, 1),
(506, 'Rina Cahaya', 'Jl. Dahlia Indah No. 7, Modern City', 2147483647, 2),
(507, 'Budi Santoso', 'Jl. Melati Makmur No. 9, Megacity', 2147483647, 1),
(508, 'Siti Wibowo, S.Pd', 'Jl. Surya Jaya No. 15, Urban District', 2147483647, 2),
(509, 'Roni Susanto', 'Jl. Nusa Baru No. 20, Metropolis', 2147483647, 1),
(510, 'Jamaludin', 'Jl.serpong No. 11', 89012, 1);

-- --------------------------------------------------------

--
-- Table structure for table `kelas`
--

CREATE TABLE `kelas` (
  `id_kelas` int(11) NOT NULL,
  `nama_kelas` varchar(50) NOT NULL,
  `jurusan` varchar(50) NOT NULL
) ENGINE=InnoDB DEFAULT CHARSET=utf8mb4;

--
-- Dumping data for table `kelas`
--

INSERT INTO `kelas` (`id_kelas`, `nama_kelas`, `jurusan`) VALUES
(232401, '10IPA1', 'IPA'),
(232402, '11IPA2', 'IPA'),
(232403, '12IPA3', 'IPA'),
(232404, '10IPS1', 'IPS'),
(232405, '11IPS2', 'IPS'),
(232406, '12IPS3', 'IPS'),
(300000, 'XIIAKL1', 'AKUTANSI');

-- --------------------------------------------------------

--
-- Table structure for table `komposisi_siswa`
--

CREATE TABLE `komposisi_siswa` (
  `id` int(11) NOT NULL,
  `siswa_nis` int(11) NOT NULL,
  `walas_id_walas` int(11) NOT NULL
) ENGINE=InnoDB DEFAULT CHARSET=utf8mb4;

--
-- Dumping data for table `komposisi_siswa`
--

INSERT INTO `komposisi_siswa` (`id`, `siswa_nis`, `walas_id_walas`) VALUES
(90101, 19201, 2201),
(90101, 19201, 2203),
(90101, 19201, 2206),
(90102, 19202, 2201),
(90102, 19202, 2203),
(90102, 19202, 2206),
(90103, 19203, 2201),
(90103, 19203, 2203),
(90103, 19203, 2206),
(90104, 19204, 2201),
(90104, 19204, 2203),
(90104, 19204, 2206),
(90105, 19205, 2201),
(90105, 19205, 2203),
(90105, 19205, 2206),
(90106, 19206, 2201),
(90106, 19206, 2203),
(90106, 19206, 2206),
(90107, 19207, 2201),
(90107, 19207, 2203),
(90107, 19207, 2206),
(90108, 19208, 2201),
(90108, 19208, 2203),
(90108, 19208, 2206),
(90109, 19209, 2201),
(90109, 19209, 2203),
(90109, 19209, 2206),
(90110, 19210, 2201),
(90110, 19210, 2203),
(90110, 19210, 2206),
(90201, 19301, 2201),
(90201, 19301, 2203),
(90201, 19301, 2206),
(90202, 19302, 2201),
(90202, 19302, 2203),
(90202, 19302, 2206),
(90203, 19303, 2201),
(90203, 19303, 2203),
(90203, 19303, 2206),
(90204, 19304, 2201),
(90204, 19304, 2203),
(90204, 19304, 2206),
(90205, 19305, 2201),
(90205, 19305, 2203),
(90205, 19305, 2206),
(90206, 19306, 2201),
(90206, 19306, 2203),
(90206, 19306, 2206),
(90207, 19307, 2201),
(90207, 19307, 2203),
(90207, 19307, 2206),
(90208, 19308, 2201),
(90208, 19308, 2203),
(90208, 19308, 2206),
(90209, 19309, 2201),
(90209, 19309, 2203),
(90209, 19309, 2206),
(90210, 19310, 2201),
(90210, 19310, 2203),
(90210, 19310, 2206),
(90301, 19401, 2201),
(90301, 19401, 2203),
(90301, 19401, 2206),
(90302, 19402, 2201),
(90302, 19402, 2203),
(90302, 19402, 2206),
(90303, 19403, 2201),
(90303, 19403, 2203),
(90303, 19403, 2206),
(90304, 19404, 2201),
(90304, 19404, 2203),
(90304, 19404, 2206),
(90305, 19405, 2201),
(90305, 19405, 2203),
(90305, 19405, 2206),
(90306, 19406, 2201),
(90306, 19406, 2203),
(90306, 19406, 2206),
(90307, 19407, 2201),
(90307, 19407, 2203),
(90307, 19407, 2206),
(90308, 19408, 2201),
(90308, 19408, 2203),
(90308, 19408, 2206),
(90309, 19409, 2201),
(90309, 19409, 2203),
(90309, 19409, 2206),
(90310, 19410, 2201),
(90310, 19410, 2203),
(90310, 19410, 2206),
(100101, 19501, 2202),
(100101, 19501, 2204),
(100101, 19501, 2205),
(100102, 19502, 2202),
(100102, 19502, 2204),
(100102, 19502, 2205),
(100103, 19503, 2202),
(100103, 19503, 2204),
(100103, 19503, 2205),
(100104, 19504, 2202),
(100104, 19504, 2204),
(100104, 19504, 2205),
(100105, 19505, 2202),
(100105, 19505, 2204),
(100105, 19505, 2205),
(100106, 19506, 2202),
(100106, 19506, 2204),
(100106, 19506, 2205),
(100107, 19507, 2202),
(100107, 19507, 2204),
(100107, 19507, 2205),
(100108, 19508, 2202),
(100108, 19508, 2204),
(100108, 19508, 2205),
(100109, 19509, 2202),
(100109, 19509, 2204),
(100109, 19509, 2205),
(100110, 19510, 2202),
(100110, 19510, 2204),
(100110, 19510, 2205),
(100201, 19601, 2202),
(100201, 19601, 2204),
(100201, 19601, 2205),
(100202, 19602, 2202),
(100202, 19602, 2204),
(100202, 19602, 2205),
(100203, 19603, 2202),
(100203, 19603, 2204),
(100203, 19603, 2205),
(100204, 19604, 2202),
(100204, 19604, 2204),
(100204, 19604, 2205),
(100205, 19605, 2202),
(100205, 19605, 2204),
(100205, 19605, 2205),
(100206, 19606, 2202),
(100206, 19606, 2204),
(100206, 19606, 2205),
(100207, 19607, 2202),
(100207, 19607, 2204),
(100207, 19607, 2205),
(100208, 19608, 2202),
(100208, 19608, 2204),
(100208, 19608, 2205),
(100209, 19609, 2202),
(100209, 19609, 2204),
(100209, 19609, 2205),
(100210, 19610, 2202),
(100210, 19610, 2204),
(100210, 19610, 2205),
(100301, 19701, 2202),
(100301, 19701, 2204),
(100301, 19701, 2205),
(100302, 19702, 2202),
(100302, 19702, 2204),
(100302, 19702, 2205),
(100303, 19703, 2202),
(100303, 19703, 2204),
(100303, 19703, 2205),
(100304, 19704, 2202),
(100304, 19704, 2204),
(100304, 19704, 2205),
(100305, 19705, 2202),
(100305, 19705, 2204),
(100305, 19705, 2205),
(100306, 19706, 2202),
(100306, 19706, 2204),
(100306, 19706, 2205),
(100307, 19707, 2202),
(100307, 19707, 2204),
(100307, 19707, 2205),
(100308, 19708, 2202),
(100308, 19708, 2204),
(100308, 19708, 2205),
(100309, 19709, 2202),
(100309, 19709, 2204),
(100309, 19709, 2205),
(100310, 19710, 2202),
(100310, 19710, 2204),
(100310, 19710, 2205);

-- --------------------------------------------------------

--
-- Table structure for table `pembayaran`
--

CREATE TABLE `pembayaran` (
  `id_pembayaran` int(11) NOT NULL,
  `tanggal` date NOT NULL,
  `nominal` int(11) NOT NULL,
  `jumlah_bulan` int(11) NOT NULL,
  `denda` int(11) DEFAULT NULL,
  `siswa_nis` int(11) NOT NULL
) ENGINE=InnoDB DEFAULT CHARSET=utf8mb4;

--
-- Dumping data for table `pembayaran`
--

INSERT INTO `pembayaran` (`id_pembayaran`, `tanggal`, `nominal`, `jumlah_bulan`, `denda`, `siswa_nis`) VALUES
(12309, '2023-01-05', 100000, 1, 0, 19201),
(12309, '2023-02-05', 100000, 1, 0, 19201),
(12309, '2023-03-05', 100000, 1, 0, 19201),
(12309, '2023-04-05', 100000, 1, 0, 19201),
(12309, '2023-05-08', 100000, 1, 0, 19201),
(12309, '2023-06-12', 100000, 1, 0, 19201),
(22309, '2023-01-06', 100000, 1, 0, 19202),
(22309, '2023-02-08', 100000, 1, 0, 19202),
(22309, '2023-03-21', 100000, 1, 0, 19202),
(22309, '2023-04-06', 100000, 1, 0, 19202),
(22309, '2023-05-09', 100000, 1, 0, 19202),
(22309, '2023-06-13', 100000, 1, 0, 19202),
(32309, '2023-01-09', 100000, 1, 0, 19203),
(32309, '2023-02-12', 100000, 1, 0, 19203),
(32309, '2023-03-04', 100000, 1, 0, 19203),
(32309, '2023-04-06', 100000, 1, 0, 19203),
(32309, '2023-05-07', 100000, 1, 0, 19203),
(32309, '2023-06-21', 100000, 1, 0, 19203),
(42309, '2023-01-09', 100000, 1, 0, 19204),
(42309, '2023-02-09', 100000, 1, 0, 19204),
(42309, '2023-03-05', 100000, 1, 0, 19204),
(42309, '2023-04-12', 100000, 1, 0, 19204),
(42309, '2023-05-10', 100000, 1, 0, 19204),
(42309, '2023-06-04', 100000, 1, 0, 19204),
(52309, '2023-01-21', 100000, 1, 0, 19205),
(52309, '2023-06-15', 100000, 6, 50000, 19205),
(62309, '2023-01-08', 100000, 1, 0, 19206),
(62309, '2023-02-05', 100000, 1, 0, 19206),
(62309, '2023-03-12', 100000, 1, 0, 19206),
(62309, '2023-04-07', 100000, 1, 0, 19206),
(62309, '2023-05-14', 100000, 1, 0, 19206),
(62309, '2023-06-19', 100000, 1, 0, 19206),
(72309, '2023-01-06', 100000, 1, 0, 19207),
(72309, '2023-02-07', 100000, 1, 0, 19207),
(72309, '2023-03-09', 100000, 1, 0, 19207),
(72309, '2023-04-12', 100000, 1, 0, 19207),
(72309, '2023-05-16', 100000, 1, 0, 19207),
(72309, '2023-06-19', 100000, 1, 0, 19207),
(82309, '2023-01-09', 100000, 1, 0, 19208),
(82309, '2023-02-08', 100000, 1, 0, 19208),
(82309, '2023-03-09', 100000, 1, 0, 19208),
(82309, '2023-04-11', 100000, 1, 0, 19208),
(82309, '2023-05-15', 100000, 1, 0, 19208),
(82309, '2023-06-13', 100000, 1, 0, 19208),
(92309, '2023-01-09', 100000, 1, 0, 19209),
(92309, '2023-02-07', 100000, 1, 0, 19209),
(92309, '2023-03-05', 100000, 1, 0, 19209),
(92309, '2023-04-16', 100000, 1, 0, 19209),
(92309, '2023-05-12', 100000, 1, 0, 19209),
(92309, '2023-06-21', 100000, 1, 0, 19209),
(102309, '2023-01-06', 100000, 1, 0, 19210),
(102309, '2023-02-03', 100000, 1, 0, 19210),
(102309, '2023-03-02', 100000, 1, 0, 19210),
(102309, '2023-04-12', 100000, 1, 0, 19210),
(102309, '2023-05-06', 100000, 1, 0, 19210),
(102309, '2023-06-06', 100000, 1, 0, 19210),
(112309, '2023-01-12', 100000, 1, 0, 19301),
(112309, '2023-02-09', 100000, 1, 0, 19301),
(112309, '2023-03-15', 100000, 1, 0, 19301),
(112309, '2023-04-13', 100000, 1, 0, 19301),
(112309, '2023-05-13', 100000, 1, 0, 19301),
(112309, '2023-06-19', 100000, 1, 0, 19301),
(122309, '2023-01-09', 100000, 1, 0, 19302),
(122309, '2023-02-08', 100000, 1, 0, 19302),
(122309, '2023-03-12', 100000, 1, 0, 19302),
(122309, '2023-04-14', 100000, 1, 0, 19302),
(122309, '2023-05-04', 100000, 1, 0, 19302),
(122309, '2023-06-03', 100000, 1, 0, 19302),
(132309, '2023-01-07', 100000, 1, 0, 19303),
(132309, '2023-02-03', 100000, 1, 0, 19303),
(132309, '2023-03-06', 100000, 1, 0, 19303),
(132309, '2023-04-04', 100000, 1, 0, 19303),
(132309, '2023-05-03', 100000, 1, 0, 19303),
(132309, '2023-06-11', 100000, 1, 0, 19303),
(142309, '2023-01-07', 100000, 1, 0, 19304),
(142309, '2023-02-06', 100000, 1, 0, 19304),
(142309, '2023-03-09', 100000, 1, 0, 19304),
(142309, '2023-04-04', 100000, 1, 0, 19304),
(142309, '2023-05-12', 100000, 1, 0, 19304),
(142309, '2023-06-12', 100000, 1, 0, 19304),
(162309, '2023-01-05', 100000, 1, 0, 19306),
(162309, '2023-02-05', 100000, 1, 0, 19306),
(152309, '2023-03-06', 100000, 1, 0, 19305),
(152309, '2023-04-04', 100000, 1, 0, 19305),
(152309, '2023-05-03', 100000, 1, 0, 19305),
(152309, '2023-06-10', 100000, 1, 0, 19305),
(162309, '2023-01-19', 100000, 1, 0, 19306),
(162309, '2023-02-03', 100000, 1, 0, 19306),
(162309, '2023-03-12', 100000, 1, 0, 19306),
(162309, '2023-04-10', 100000, 1, 0, 19306),
(162309, '2023-05-15', 100000, 1, 0, 19306),
(162309, '2023-06-14', 100000, 1, 0, 19306),
(172309, '2023-01-15', 100000, 1, 0, 19307),
(172309, '2023-02-12', 100000, 1, 0, 19307),
(172309, '2023-03-11', 100000, 1, 0, 19307),
(172309, '2023-04-10', 100000, 1, 0, 19307),
(172309, '2023-05-19', 100000, 1, 0, 19307),
(172309, '2023-06-17', 100000, 1, 0, 19307),
(182309, '2023-01-12', 100000, 1, 0, 19308),
(182309, '2023-02-09', 100000, 1, 0, 19308),
(182309, '2023-03-04', 100000, 1, 0, 19308),
(182309, '2023-04-14', 100000, 1, 0, 19308),
(182309, '2023-05-17', 100000, 1, 0, 19308),
(182309, '2023-06-19', 100000, 1, 0, 19308),
(192309, '2023-01-15', 100000, 1, 0, 19309),
(192309, '2023-02-12', 100000, 1, 0, 19309),
(192309, '2023-03-11', 100000, 1, 0, 19309),
(192309, '2023-04-17', 100000, 1, 0, 19309),
(192309, '2023-05-19', 100000, 1, 0, 19309),
(192309, '2023-06-24', 100000, 1, 0, 19309),
(202309, '2023-01-11', 100000, 1, 0, 19310),
(202309, '2023-02-06', 100000, 1, 0, 19310),
(202309, '2023-03-12', 100000, 1, 0, 19310),
(202309, '2023-04-09', 100000, 1, 0, 19310),
(202309, '2023-05-10', 100000, 1, 0, 19310),
(202309, '2023-06-11', 100000, 1, 0, 19310),
(212309, '2023-01-08', 100000, 1, 0, 19401),
(212309, '2023-02-06', 100000, 1, 0, 19401),
(212309, '2023-03-10', 100000, 1, 0, 19401),
(212309, '2023-04-15', 100000, 1, 0, 19401),
(212309, '2023-05-17', 100000, 1, 0, 19401),
(212309, '2023-06-20', 100000, 1, 0, 19401),
(222309, '2023-01-09', 100000, 1, 0, 19402),
(222309, '2023-02-21', 100000, 1, 0, 19402),
(222309, '2023-03-25', 100000, 1, 0, 19402),
(222309, '2023-04-27', 100000, 1, 0, 19402),
(222309, '2023-05-21', 100000, 1, 0, 19402),
(222309, '2023-06-18', 100000, 1, 0, 19402),
(232309, '2023-01-06', 100000, 1, 0, 19403),
(232309, '2023-02-03', 100000, 1, 0, 19403),
(232309, '2023-03-08', 100000, 1, 0, 19403),
(232309, '2023-04-12', 100000, 1, 0, 19403),
(232309, '2023-05-11', 100000, 1, 0, 19403),
(232309, '2023-06-21', 100000, 1, 0, 19403),
(242309, '2023-01-03', 100000, 1, 0, 19404),
(242309, '2023-02-12', 100000, 1, 0, 19404),
(242309, '2023-03-23', 100000, 1, 0, 19404),
(242309, '2023-04-25', 100000, 1, 0, 19404),
(242309, '2023-05-12', 100000, 1, 0, 19404),
(242309, '2023-06-10', 100000, 1, 0, 19404),
(252309, '2023-01-05', 100000, 1, 0, 19405),
(252309, '2023-02-05', 100000, 1, 0, 19405),
(252309, '2023-03-12', 100000, 1, 0, 19405),
(252309, '2023-04-10', 100000, 1, 0, 19405),
(252309, '2023-05-11', 100000, 1, 0, 19405),
(252309, '2023-06-14', 100000, 1, 0, 19405),
(262309, '2023-01-10', 100000, 1, 0, 19406),
(262309, '2023-02-10', 100000, 1, 0, 19406),
(262309, '2023-03-15', 100000, 1, 0, 19406),
(262309, '2023-04-21', 100000, 1, 0, 19406),
(262309, '2023-05-20', 100000, 1, 0, 19406),
(262309, '2023-06-15', 100000, 1, 0, 19406),
(272309, '2023-01-12', 100000, 1, 0, 19407),
(272309, '2023-02-12', 100000, 1, 0, 19407),
(272309, '2023-03-12', 100000, 1, 0, 19407),
(272309, '2023-04-09', 100000, 1, 0, 19407),
(272309, '2023-05-05', 100000, 1, 0, 19407),
(272309, '2023-06-08', 100000, 1, 0, 19407),
(282309, '2023-01-09', 100000, 1, 0, 19408),
(282309, '2023-02-04', 100000, 1, 0, 19408),
(282309, '2023-03-09', 100000, 1, 0, 19408),
(282309, '2023-04-09', 100000, 1, 0, 19408),
(282309, '2023-05-15', 100000, 1, 0, 19408),
(282309, '2023-06-18', 100000, 1, 0, 19408),
(292309, '2023-01-18', 100000, 1, 0, 19409),
(292309, '2023-02-06', 100000, 1, 0, 19409),
(292309, '2023-03-06', 100000, 1, 0, 19409),
(292309, '2023-04-10', 100000, 1, 0, 19409),
(292309, '2023-05-13', 100000, 1, 0, 19409),
(292309, '2023-06-19', 100000, 1, 0, 19409),
(302309, '2023-01-09', 100000, 1, 0, 19410),
(302309, '2023-02-21', 100000, 1, 0, 19410),
(302309, '2023-03-09', 100000, 1, 0, 19410),
(302309, '2023-04-07', 100000, 1, 0, 19410),
(302309, '2023-05-14', 100000, 1, 0, 19410),
(302309, '2023-06-19', 100000, 1, 0, 19410),
(312309, '2023-01-02', 100000, 1, 0, 19501),
(312309, '2023-02-06', 100000, 1, 0, 19501),
(312309, '2023-03-09', 100000, 1, 0, 19501),
(312309, '2023-04-05', 100000, 1, 0, 19501),
(312309, '2023-05-07', 100000, 1, 0, 19501),
(312309, '2023-06-10', 100000, 1, 0, 19501),
(322309, '2023-01-09', 100000, 1, 0, 19502),
(322309, '2023-02-08', 100000, 1, 0, 19502),
(322309, '2023-03-06', 100000, 1, 0, 19502),
(322309, '2023-04-04', 100000, 1, 0, 19502),
(322309, '2023-05-07', 100000, 1, 0, 19502),
(322309, '2023-06-05', 100000, 1, 0, 19502),
(332309, '2023-01-07', 100000, 1, 0, 19503),
(332309, '2023-02-09', 100000, 1, 0, 19503),
(332309, '2023-03-04', 100000, 1, 0, 19503),
(332309, '2023-04-08', 100000, 1, 0, 19503),
(332309, '2023-05-01', 100000, 1, 0, 19503),
(332309, '2023-06-05', 100000, 1, 0, 19503),
(342309, '2023-01-09', 100000, 1, 0, 19504),
(342309, '2023-02-04', 100000, 1, 0, 19504),
(342309, '2023-03-08', 100000, 1, 0, 19504),
(342309, '2023-04-02', 100000, 1, 0, 19504),
(342309, '2023-05-05', 100000, 1, 0, 19504),
(342309, '2023-06-07', 100000, 1, 0, 19504),
(352309, '2023-01-06', 100000, 1, 0, 19505),
(352309, '2023-02-05', 100000, 1, 0, 19505),
(352309, '2023-03-07', 100000, 1, 0, 19505),
(352309, '2023-04-09', 100000, 1, 0, 19505),
(352309, '2023-05-10', 100000, 1, 0, 19505),
(352309, '2023-06-12', 100000, 1, 0, 19505),
(362309, '2023-01-09', 100000, 1, 0, 19506),
(362309, '2023-02-03', 100000, 1, 0, 19506),
(362309, '2023-03-05', 100000, 1, 0, 19506),
(362309, '2023-04-07', 100000, 1, 0, 19506),
(362309, '2023-05-01', 100000, 1, 0, 19506),
(362309, '2023-06-06', 100000, 1, 0, 19506),
(372309, '2023-01-05', 100000, 1, 0, 19507),
(372309, '2023-02-09', 100000, 1, 0, 19507),
(372309, '2023-03-03', 100000, 1, 0, 19507),
(372309, '2023-04-06', 100000, 1, 0, 19507),
(372309, '2023-05-02', 100000, 1, 0, 19507),
(372309, '2023-06-07', 100000, 1, 0, 19507),
(382309, '2023-01-06', 100000, 1, 0, 19508),
(382309, '2023-02-04', 100000, 1, 0, 19508),
(382309, '2023-03-03', 100000, 1, 0, 19508),
(382309, '2023-04-05', 100000, 1, 0, 19508),
(382309, '2023-05-09', 100000, 1, 0, 19508),
(382309, '2023-06-15', 100000, 1, 0, 19508),
(392309, '2023-01-16', 100000, 1, 0, 19509),
(392309, '2023-02-21', 100000, 1, 0, 19509),
(392309, '2023-03-17', 100000, 1, 0, 19509),
(392309, '2023-04-20', 100000, 1, 0, 19509),
(392309, '2023-05-24', 100000, 1, 0, 19509),
(392309, '2023-06-18', 100000, 1, 0, 19509),
(402309, '2023-01-08', 100000, 1, 0, 19510),
(402309, '2023-02-04', 100000, 1, 0, 19510),
(402309, '2023-03-09', 100000, 1, 0, 19510),
(402309, '2023-04-03', 100000, 1, 0, 19510),
(402309, '2023-05-02', 100000, 1, 0, 19510),
(402309, '2023-06-17', 100000, 1, 0, 19510),
(412309, '2023-01-05', 100000, 1, 0, 19601),
(412309, '2023-02-01', 100000, 1, 0, 19601),
(412309, '2023-03-06', 100000, 1, 0, 19601),
(412309, '2023-04-10', 100000, 1, 0, 19601),
(412309, '2023-05-15', 100000, 1, 0, 19601),
(412309, '2023-06-03', 100000, 1, 0, 19601),
(422309, '2023-01-09', 100000, 1, 0, 19602),
(422309, '2023-02-05', 100000, 1, 0, 19602),
(422309, '2023-03-04', 100000, 1, 0, 19602),
(422309, '2023-04-03', 100000, 1, 0, 19602),
(422309, '2023-05-08', 100000, 1, 0, 19602),
(422309, '2023-06-10', 100000, 1, 0, 19602),
(432309, '2023-01-10', 100000, 1, 0, 19603),
(432309, '2023-02-10', 100000, 1, 0, 19603),
(432309, '2023-03-10', 100000, 1, 0, 19603),
(432309, '2023-04-10', 100000, 1, 0, 19603),
(432309, '2023-05-10', 100000, 1, 0, 19603),
(432309, '2023-06-10', 100000, 1, 0, 19603),
(442309, '2023-01-03', 100000, 1, 0, 19604),
(442309, '2023-02-07', 100000, 1, 0, 19604),
(442309, '2023-03-10', 100000, 1, 0, 19604),
(442309, '2023-04-17', 100000, 1, 0, 19604),
(442309, '2023-05-19', 100000, 1, 0, 19604),
(442309, '2023-06-20', 100000, 1, 0, 19604),
(452309, '2023-01-08', 100000, 1, 0, 19605),
(452309, '2023-02-25', 100000, 1, 0, 19605),
(452309, '2023-03-11', 100000, 1, 0, 19605),
(452309, '2023-04-12', 100000, 1, 0, 19605),
(452309, '2023-05-09', 100000, 1, 0, 19605),
(452309, '2023-06-06', 100000, 1, 0, 19605),
(462309, '2023-01-10', 100000, 1, 0, 19606),
(462309, '2023-02-15', 100000, 1, 0, 19606),
(462309, '2023-03-07', 100000, 1, 0, 19606),
(462309, '2023-04-15', 100000, 1, 0, 19606),
(462309, '2023-05-04', 100000, 1, 0, 19606),
(462309, '2023-06-18', 100000, 1, 0, 19606),
(472309, '2023-01-30', 100000, 1, 0, 19607),
(472309, '2023-02-25', 100000, 1, 0, 19607),
(472309, '2023-03-15', 100000, 1, 0, 19607),
(472309, '2023-04-21', 100000, 1, 0, 19607),
(472309, '2023-05-13', 100000, 1, 0, 19607),
(472309, '2023-06-15', 100000, 1, 0, 19607),
(482309, '2023-01-22', 100000, 1, 0, 19608),
(482309, '2023-02-01', 100000, 1, 0, 19608),
(482309, '2023-03-08', 100000, 1, 0, 19608),
(482309, '2023-04-06', 100000, 1, 0, 19608),
(482309, '2023-05-17', 100000, 1, 0, 19608),
(482309, '2023-06-27', 100000, 1, 0, 19608),
(492309, '2023-01-08', 100000, 1, 0, 19609),
(492309, '2023-02-01', 100000, 1, 0, 19609),
(492309, '2023-03-05', 100000, 1, 0, 19609),
(492309, '2023-04-10', 100000, 1, 0, 19609),
(492309, '2023-05-16', 100000, 1, 0, 19609),
(492309, '2023-06-21', 100000, 1, 0, 19609),
(502309, '2023-01-11', 100000, 1, 0, 19610),
(502309, '2023-02-22', 100000, 1, 0, 19610),
(502309, '2023-03-13', 100000, 1, 0, 19610),
(502309, '2023-04-20', 100000, 1, 0, 19610),
(502309, '2023-05-24', 100000, 1, 0, 19610),
(502309, '2023-06-07', 100000, 1, 0, 19610),
(512309, '2023-01-06', 100000, 1, 0, 19701),
(512309, '2023-02-05', 100000, 1, 0, 19701),
(512309, '2023-03-08', 100000, 1, 0, 19701),
(512309, '2023-04-06', 100000, 1, 0, 19701),
(512309, '2023-05-04', 100000, 1, 0, 19701),
(512309, '2023-06-02', 100000, 1, 0, 19701),
(522309, '2023-01-06', 100000, 1, 0, 19702),
(522309, '2023-05-01', 100000, 4, 40000, 19702),
(522309, '2023-06-02', 100000, 1, 0, 19702),
(532309, '2023-01-06', 100000, 1, 0, 19703),
(532309, '2023-02-04', 100000, 1, 0, 19703),
(532309, '2023-03-04', 100000, 1, 0, 19703),
(532309, '2023-04-05', 100000, 1, 0, 19703),
(532309, '2023-05-03', 100000, 1, 0, 19703),
(532309, '2023-06-01', 100000, 1, 0, 19703),
(542309, '2023-01-06', 100000, 1, 0, 19704),
(542309, '2023-02-01', 100000, 1, 0, 19704),
(542309, '2023-03-01', 100000, 1, 0, 19704),
(542309, '2023-04-01', 100000, 1, 0, 19704),
(542309, '2023-05-01', 100000, 1, 0, 19704),
(542309, '2023-06-01', 100000, 1, 0, 19704),
(552309, '2023-01-09', 100000, 1, 0, 19705),
(552309, '2023-02-08', 100000, 1, 0, 19705),
(552309, '2023-03-03', 100000, 1, 0, 19705),
(552309, '2023-04-07', 100000, 1, 0, 19705),
(552309, '2023-05-04', 100000, 1, 0, 19705),
(552309, '2023-06-09', 100000, 1, 0, 19705),
(562309, '2023-01-09', 100000, 1, 0, 19706),
(562309, '2023-02-03', 100000, 1, 0, 19706),
(562309, '2023-03-03', 100000, 1, 0, 19706),
(562309, '2023-04-03', 100000, 1, 0, 19706),
(562309, '2023-05-06', 100000, 1, 0, 19706),
(562309, '2023-06-01', 100000, 1, 0, 19706),
(572309, '2023-01-06', 100000, 1, 0, 19707),
(572309, '2023-02-01', 100000, 1, 0, 19707),
(572309, '2023-03-01', 100000, 1, 0, 19707),
(572309, '2023-04-01', 100000, 1, 0, 19707),
(572309, '2023-05-01', 100000, 1, 0, 19707),
(572309, '2023-06-01', 100000, 1, 0, 19707),
(582309, '2023-01-06', 100000, 1, 0, 19708),
(582309, '2023-02-04', 100000, 1, 0, 19708),
(582309, '2023-03-06', 100000, 1, 0, 19708),
(582309, '2023-04-07', 100000, 1, 0, 19708),
(582309, '2023-05-02', 100000, 1, 0, 19708),
(582309, '2023-06-03', 100000, 1, 0, 19708),
(592309, '2023-06-02', 100000, 6, 50000, 19709),
(602309, '2023-01-06', 100000, 1, 0, 19710),
(602309, '2023-02-03', 100000, 1, 0, 19710),
(602309, '2023-03-02', 100000, 1, 0, 19710),
(602309, '2023-04-02', 100000, 1, 0, 19710),
(602309, '2023-05-03', 100000, 1, 0, 19710),
(602309, '2023-06-01', 100000, 1, 0, 19710),
(90123, '2024-01-03', 100000, 1, 0, 10239),
(123456789, '0000-00-00', 100000, 1, 2, 10239);

-- --------------------------------------------------------

--
-- Table structure for table `siswa`
--

CREATE TABLE `siswa` (
  `nis` int(11) NOT NULL,
  `nama` varchar(50) NOT NULL,
  `alamat` varchar(50) NOT NULL,
  `no_telephone` varchar(13) NOT NULL,
  `pembayaran_id_pembayaran` int(11) NOT NULL,
  `gender_id_gender` int(11) NOT NULL
) ENGINE=InnoDB DEFAULT CHARSET=utf8mb4;

--
-- Dumping data for table `siswa`
--

INSERT INTO `siswa` (`nis`, `nama`, `alamat`, `no_telephone`, `pembayaran_id_pembayaran`, `gender_id_gender`) VALUES
(19201, 'Ani Wahyuni', 'Jl. Kenanga No. 5', '081234567890', 12309, 1),
(19202, 'Dedi Firmansyah', 'Jl. Merpati No. 12', '087654321099', 22309, 1),
(19203, 'Rina Setiawan', 'Jl. Cempaka No. 8', '081112233445', 32309, 2),
(19204, 'Bambang Susilo', 'Jl. Anggrek No. 15', '085678945612', 42309, 1),
(19205, 'Sari Utami', 'Jl. Melati No. 20', '089876543210', 52309, 2),
(19206, 'Yoga Pradana', 'Jl. Flamboyan No. 17', '081234567891', 62309, 1),
(19207, 'Lia Purnomo', 'Jl. Dahlia No. 22', '087654321098', 72309, 2),
(19208, 'Ahmad Yani', 'Jl. Pahlawan No. 10', '081122334455', 82309, 1),
(19209, 'Dewi Septiani', 'Jl. Raya No. 30', '085678945612', 92309, 2),
(19210, 'Dian Surya', 'Jl. Cendana No. 10', '081234567891', 102309, 1),
(19301, 'Rini Wati', 'Jl. Mawar No. 12', '087654321090', 112309, 2),
(19302, 'Faisal Gunawan', 'Jl. Melati No. 8', '081112233498', 122309, 1),
(19303, 'Siti Handayani', 'Jl. Dahlia No. 15', '085678945612', 132309, 2),
(19304, 'Rudi Hermawan', 'Jl. Kenanga No. 20', '089876543210', 142309, 1),
(19305, 'Lina Cahyani', 'Jl. Flamboyan No. 17', '081234567823', 152309, 2),
(19306, 'Arif Setiawan', 'Jl. Anggrek No. 22', '087654321076', 162309, 1),
(19307, 'Sari Utomo', 'Jl. Pahlawan No. 10', '081122334455', 172309, 1),
(19308, 'Dewi Anggraeni', 'Jl. Raya No. 30', '085678945632', 182309, 2),
(19309, 'Ahmad Yuda', 'Jl. Bunga No. 25', '089987654378', 192309, 1),
(19310, 'Andre Gunawan', 'Jl. Melati No. 5', '081234567801', 202309, 1),
(19401, 'Sari Indah', 'Jl. Dahlia No. 12', '087654321002', 212309, 2),
(19402, 'Rudi Firmansyah', 'Jl. Anggrek No. 8', '081112233403', 222309, 1),
(19403, 'Lina Susilo', 'Jl. Kenanga No. 15', '085678945624', 232309, 2),
(19404, 'Budi Santoso', 'Jl. Mawar No. 20', '089876543255', 242309, 1),
(19405, 'Rina Pratiwi', 'Jl. Flamboyan No. 17', '081234567876', 252309, 2),
(19406, 'Hadi Setiawan', 'Jl. Cendana No. 22', '087654321087', 262309, 1),
(19407, 'Siti Wahyuni', 'Jl. Pahlawan No. 10', '081122334498', 272309, 2),
(19408, 'Dewi Anggraini', 'Jl. Raya No. 30', '085678945665', 282309, 2),
(19409, 'Agus Wibowo', 'Jl. Bunga No. 25', '089987654400', 292309, 1),
(19410, 'Ahmad Abdullah', 'Jl. Anggrek No. 12', '081234567891', 302309, 1),
(19501, 'Bunga Citra', 'Jl. Mawar No. 5', '085678912345', 312309, 2),
(19502, 'Candra Dewi', 'Jl. Kenanga No. 8', '089876543210', 322309, 2),
(19503, 'Dika Putra', 'Jl. Melati No. 21', '087654321098', 332309, 1),
(19504, 'Eka Pratiwi', 'Jl. Dahlia No. 3A', '082345678901', 342309, 2),
(19505, 'Farhan Ramadhan', 'Jl. Sakura No. 7', '083210987654', 352309, 1),
(19506, 'Gita Permana', 'Jl. Alamanda No. 15', '088765432109', 362309, 1),
(19507, 'Hadi Santoso', 'Jl. Lavender No. 10', '086543210987', 372309, 1),
(19508, 'Indah Cahaya', 'Jl. Tulip No. 17', '084321098765', 382309, 2),
(19509, 'Joko Wibowo', 'Jl. Flamboyan No. 25', '080987654321', 392309, 1),
(19510, 'Andika Pratama', 'Jl. Mangga No. 8', '081234567890', 402309, 1),
(19601, 'Bella Surya', 'Jl. Melati No. 15', '085678912345', 412309, 2),
(19602, 'Candra Wijaya', 'Jl. Kenanga No. 20', '089876543210', 422309, 1),
(19603, 'Dini Cahaya', 'Jl. Anggrek No. 5', '087654321098', 432309, 2),
(19604, 'Edo Santoso', 'Jl. Dahlia No. 12', '082345678901', 442309, 1),
(19605, 'Fitri Ramadhan', 'Jl. Teratai No. 3A', '083210987654', 452309, 2),
(19606, 'Galih Putra', 'Jl. Cempaka No. 17', '088765432109', 462309, 1),
(19607, 'Hani Citra', 'Jl. Mawar No. 10', '086543210987', 472309, 2),
(19608, 'Irfan Wibowo', 'Jl. Kamboja No. 25', '084321098765', 482309, 1),
(19609, 'Jihan Abdullah', 'Jl. Flamboyan No. 7', '080987654321', 492309, 2),
(19610, 'Aditya Pratama', 'Jl. Ki Hajar Dewantara No. 9', '081234567890', 502309, 1),
(19701, 'Bunga Sari', 'Jl. Pahlawan No. 15', '085678912345', 512309, 2),
(19702, 'Cahyo Wijaya', 'Jl. Gajah Mada No. 20', '089876543210', 522309, 1),
(19703, 'Dini Cahaya', 'Jl. Merdeka No. 5', '087654321098', 532309, 2),
(19704, 'Edo Santoso', 'Jl. Diponegoro No. 12', '082345678901', 542309, 1),
(19705, 'Fitri Ramadhani', 'Jl. Sudirman No. 3A', '083210987654', 552309, 2),
(19706, 'Muhamad muzakir', 'Jl. A. Yani No. 17', '088765432109', 562309, 1),
(19707, 'Dimas Tri Wahyudi', 'Jl. Asia Afrika No. 10', '086543210987', 572309, 1),
(19708, 'Ilham Farras Baiquni', 'Jl. Hayam Wuruk No. 25', '084321098765', 582309, 1),
(19709, 'Ahmad Mayghinansyah', 'Jl. Gatot Subroto No. 7', '080987654321', 592309, 1),
(19800, 'ucup', 'Jl.serpong No. 11', '089012', 10239, 2);

--
-- Indexes for dumped tables
--

--
-- Indexes for table `admin`
--
ALTER TABLE `admin`
  ADD PRIMARY KEY (`idadmin`);

--
-- Indexes for table `gender`
--
ALTER TABLE `gender`
  ADD PRIMARY KEY (`id_gender`);

--
-- Indexes for table `guru`
--
ALTER TABLE `guru`
  ADD PRIMARY KEY (`id_guru`);

--
-- Indexes for table `siswa`
--
ALTER TABLE `siswa`
  ADD PRIMARY KEY (`nis`);

--
-- AUTO_INCREMENT for dumped tables
--

--
-- AUTO_INCREMENT for table `admin`
--
ALTER TABLE `admin`
  MODIFY `idadmin` int(5) NOT NULL AUTO_INCREMENT, AUTO_INCREMENT=6;

--
-- AUTO_INCREMENT for table `gender`
--
ALTER TABLE `gender`
  MODIFY `id_gender` int(11) NOT NULL AUTO_INCREMENT, AUTO_INCREMENT=3;
COMMIT;

/*!40101 SET CHARACTER_SET_CLIENT=@OLD_CHARACTER_SET_CLIENT */;
/*!40101 SET CHARACTER_SET_RESULTS=@OLD_CHARACTER_SET_RESULTS */;
/*!40101 SET COLLATION_CONNECTION=@OLD_COLLATION_CONNECTION */;
